{"LogisticRegression": 0.9564485300810048, "MultinomialNB": 0.9730772731409848}